{"cameraMode":{"drawMode":0,"name":"Shaded","section":"Shading Mode"},"sceneLighting":true,"audioPlay":false,"sceneViewState":{"m_AlwaysRefresh":false,"showFog":true,"showSkybox":true,"showFlares":true,"showImageEffects":true,"showParticleSystems":true,"showVisualEffectGraphs":true,"m_FxEnabled":true},"in2DMode":false,"pivot":{"x":-0.48221713304519656,"y":2.630669355392456,"z":-5.937058925628662},"rotation":{"x":0.0009529091184958816,"y":0.980093240737915,"z":-0.1984805464744568,"w":0.00470546493306756},"size":8.223974227905274,"orthographic":false}